precision,recall,f1,false_positives_normal
0.643312101910828,0.8938053097345132,0.7481481481481481,56
