{
  "precision": 0.643312101910828,
  "recall": 0.8938053097345132,
  "f1": 0.7481481481481481,
  "true_positives": [
    20,
    42,
    39
  ],
  "false_positives": [
    56
  ],
  "false_negatives": [
    4,
    4,
    4
  ],
  "attack_names": [
    "WheelsControl.csv",
    "JointControl.csv",
    "LedsControl.csv"
  ]
}